Country,cost_of_living_index,rent_index,cost_of_living_plus_rent_index,groceries_index,restaurant_price_index,local_purchasing_power_index,year
Bermuda,141.74,98.96,121.39,142.62,144.74,82.34,2022 (mid)
Switzerland,110.34,50.21,81.73,113.35,104.3,116.19,2022 (mid)
Bahamas,88.27,38.41,64.55,71.92,94.29,44.22,2022 (mid)
Barbados,87.07,21.16,55.71,81.73,74.5,32.62,2022 (mid)
Iceland,86.59,35.81,62.43,82.44,88.64,82.62,2022 (mid)
Norway,85.93,30.55,59.59,81.31,87.59,86.27,2022 (mid)
Jersey,80.38,55.37,68.48,64.52,89.23,68.72,2022 (mid)
Singapore,79.09,65.09,72.43,71.36,52.2,94.65,2022 (mid)
Israel,77.28,32.95,56.19,66.45,83.92,73.54,2022 (mid)
Hong Kong,76.55,67.99,72.48,82.51,53.23,66.93,2022 (mid)
Denmark,73.09,29.18,52.21,59.94,81.12,99.76,2022 (mid)
Australia,72.27,35.67,54.86,72.75,64.07,117.56,2022 (mid)
Luxembourg,72.15,47.95,60.64,67.3,73.74,96.13,2022 (mid)
Guernsey,70.88,45.6,58.85,65.92,71.79,70.61,2022 (mid)
United States,69.92,46.86,58.95,70.06,65.75,99.88,2022 (mid)
New Zealand,68.96,29.43,50.15,67.69,63.87,85.02,2022 (mid)
Canada,68.78,35.06,52.74,68.1,64.28,101.67,2022 (mid)
Lebanon,68.53,20.71,45.78,68.17,48.91,31.98,2022 (mid)
Macao,68.39,36.63,53.28,73.6,48.7,72.82,2022 (mid)
Netherlands,67.71,33.37,51.37,58.11,64.7,99.58,2022 (mid)
South Korea,66.95,16.47,42.94,84.47,36.82,81.3,2022 (mid)
Ireland,66.73,44.19,56,54.18,66.72,75.2,2022 (mid)
France,65.55,24.88,46.2,63.17,63.58,79.61,2022 (mid)
Puerto Rico,64.58,21.59,44.13,66.06,53.57,65.41,2022 (mid)
Austria,64.11,22.75,44.44,58.04,60.66,75.09,2022 (mid)
Finland,63.75,21.89,43.83,56.42,63.59,91,2022 (mid)
Belgium,62.8,21.46,43.14,53.17,65.92,86.27,2022 (mid)
Japan,62.77,20.85,42.83,66.56,35.57,91.13,2022 (mid)
Sweden,61.77,23.05,43.35,54.86,62.29,94.93,2022 (mid)
Qatar,60.56,50.37,55.71,51.61,58.46,98.13,2022 (mid)
United Kingdom,60.42,30.99,46.42,48.68,63.73,92.86,2022 (mid)
Germany,59.62,25.98,43.62,48.63,52.44,102.75,2022 (mid)
Uruguay,59.05,15,38.09,48.69,57.73,28.64,2022 (mid)
Italy,58.47,20.95,40.62,49.91,59.12,58,2022 (mid)
United Arab Emirates,58.01,37.34,48.18,46.72,53.87,118.94,2022 (mid)
Malta,57.71,24.68,41.99,50.77,58.76,44.8,2022 (mid)
Taiwan,55.95,15.41,36.66,66.99,27.04,61.78,2022 (mid)
Maldives,54.49,27.42,41.61,52.99,32.27,31.8,2022 (mid)
Cuba,54.02,16.38,36.12,48.39,31.63,1.48,2022 (mid)
Bahrain,53.84,27.61,41.36,43.46,47.34,60.36,2022 (mid)
Trinidad And Tobago,53.38,14.14,34.71,52.79,50.59,37.35,2022 (mid)
Cyprus,52.48,23.37,38.63,43.18,52.62,54.47,2022 (mid)
Jamaica,50.75,14.82,33.66,52.61,35.51,26.25,2022 (mid)
Saudi Arabia,50.35,11.29,31.77,42.47,36.67,93.26,2022 (mid)
Palestine,50.25,9.51,30.87,44.14,37.6,38.81,2022 (mid)
Greece,50.23,12.4,32.23,39.29,46.17,38.39,2022 (mid)
Belize,49.55,11.87,31.62,46.24,32.35,41.6,2022 (mid)
Estonia,49.47,14.73,32.94,39.65,47.84,60.41,2022 (mid)
Panama,48.25,19.51,34.58,47.28,40.15,32.66,2022 (mid)
Oman,48.11,15.39,32.54,45.13,39.78,78.78,2022 (mid)
Russia,48.07,15.96,32.8,41.19,44.2,42.22,2022 (mid)
Jordan,47.53,8.92,29.16,39.89,39.37,32.23,2022 (mid)
Spain,47.51,21.4,35.09,39.45,47.54,77.29,2022 (mid)
Slovenia,47.3,15.32,32.09,42.06,39.38,57.95,2022 (mid)
Guyana,46.87,8.44,28.58,50.31,37.08,19.73,2022 (mid)
Kuwait,46,27.68,37.28,33.26,41.99,81.76,2022 (mid)
Cambodia,45.73,13.97,30.62,46,20.64,13.96,2022 (mid)
Latvia,45.21,10.02,28.47,35.94,37.89,49.84,2022 (mid)
Czech Republic,44.33,18.27,31.93,37.59,33.4,69.94,2022 (mid)
Croatia,43.74,11.63,28.47,37.29,36.47,52.79,2022 (mid)
Costa Rica,43.65,13.31,29.21,42.4,36.29,38.59,2022 (mid)
Brunei,43.37,18.31,31.45,46.37,27.92,87.28,2022 (mid)
Lithuania,43.1,15.31,29.88,35.36,39.19,55.67,2022 (mid)
El Salvador,42.94,13.15,28.77,43.23,32.35,20.48,2022 (mid)
Zimbabwe,42.54,9.71,26.92,37.68,34.27,17.34,2022 (mid)
Portugal,42.18,20.7,31.96,33.8,34.88,47.89,2022 (mid)
Dominican Republic,41.97,10.29,26.9,38.05,34.35,21.62,2022 (mid)
Venezuela,41.77,8.07,25.74,36.08,42.92,12.72,2022 (mid)
Ethiopia,41.74,17.43,30.18,34.96,19.49,11.02,2022 (mid)
Guatemala,41.34,14.93,28.77,40.56,29.05,26.88,2022 (mid)
Slovakia,41.03,13.79,28.07,38.25,30.59,53.84,2022 (mid)
Mauritius,40.68,9.81,26,41.08,30.72,29.27,2022 (mid)
China,40.31,22.13,31.66,42.89,29.01,56.24,2022 (mid)
Fiji,39.37,15.1,27.83,44.1,32.22,38.72,2022 (mid)
Armenia,38.96,17.55,28.77,33.94,32.17,26.04,2022 (mid)
Honduras,38.91,9.11,24.73,33.78,26.18,31.41,2022 (mid)
Thailand,38.62,12.54,26.21,40.5,19.81,30.82,2022 (mid)
Ivory Coast,38.24,13.65,26.54,33.43,25.57,7.84,2022 (mid)
South Africa,37.94,14.76,26.91,31.09,35.01,77.84,2022 (mid)
Bulgaria,37.58,9.57,24.26,33.51,31.81,46.9,2022 (mid)
Nicaragua,37.17,8.17,23.37,35.71,25.12,19.61,2022 (mid)
Chile,37.16,11.41,24.91,34.1,33.68,35.79,2022 (mid)
Botswana,36.52,8.33,23.11,32.46,37.38,59.92,2022 (mid)
Iran,36.49,16.41,26.94,28.03,25.36,18.03,2022 (mid)
Ecuador,35.73,9.73,23.36,32.95,25.81,33.55,2022 (mid)
Namibia,35.59,11.56,24.16,32.98,37.44,50.99,2022 (mid)
Vietnam,35.59,11.73,24.24,36.37,18.24,28.18,2022 (mid)
Mexico,35.14,12.05,24.15,34.85,31.94,41.1,2022 (mid)
Poland,35.06,14.15,25.12,28.39,31.4,60.65,2022 (mid)
Romania,34.93,9.98,23.06,30.54,29.74,48.84,2022 (mid)
Georgia,34.85,15.45,25.62,30.42,32.14,25.13,2022 (mid)
Brazil,34.81,8.46,22.28,29.99,25.58,27.28,2022 (mid)
Montenegro,34.74,11.05,23.47,29.19,27.5,37.23,2022 (mid)
Hungary,34.64,11.13,23.46,30.85,28.23,53.24,2022 (mid)
Malaysia,34.41,9.73,22.67,37.1,19.85,59.41,2022 (mid)
Mongolia,33.69,9.1,21.99,34.51,26.39,23.62,2022 (mid)
Philippines,33.62,10.34,22.55,33.61,20.08,20.06,2022 (mid)
Albania,33.6,8.22,21.53,27.65,22.94,28.65,2022 (mid)
Kenya,33.36,7.49,21.05,31.39,28.15,32.19,2022 (mid)
Serbia,33.35,7.54,21.07,26.79,27.18,41.56,2022 (mid)
Myanmar,33.14,19.26,26.54,35.62,18.18,28.1,2022 (mid)
Bolivia,32.57,8.54,21.14,29.14,22.99,36.5,2022 (mid)
Cameroon,32.5,5.49,19.65,33.26,21.47,16.95,2022 (mid)
Bosnia And Herzegovina,32.24,5.31,19.42,28.57,20.8,46.51,2022 (mid)
Indonesia,32.2,8.2,20.78,35.14,16.73,25.52,2022 (mid)
Argentina,32.13,6.88,20.12,26.83,27.99,33.64,2022 (mid)
Somalia,31.92,5.03,19.13,35,24.82,30.7,2022 (mid)
Iraq,31.81,9.44,21.17,27.78,25.89,43.58,2022 (mid)
Uganda,31.41,9.03,20.76,28.69,22.04,11.76,2022 (mid)
Rwanda,30.82,13.39,22.53,26.69,25.02,26.3,2022 (mid)
Peru,30.74,10.18,20.95,29.23,20.23,28.52,2022 (mid)
Ukraine,30.7,10.79,21.22,27.11,26.24,36.29,2022 (mid)
Paraguay,30.24,9.52,20.38,26.15,22.37,25.45,2022 (mid)
Tanzania,30.13,10.09,20.6,28.2,21.42,17.67,2022 (mid)
Nigeria,30.01,32.85,31.36,33.07,20,8.25,2022 (mid)
Ghana,29.98,17.93,24.25,31.08,22.73,17.06,2022 (mid)
Morocco,29.71,7.27,19.03,26.43,20.4,32.67,2022 (mid)
Bangladesh,29.28,3.57,17.05,27.95,17.55,25.34,2022 (mid)
Moldova,28.92,7.4,18.68,24.44,23.96,33.37,2022 (mid)
North Macedonia,28.51,5.05,17.35,24.75,19.43,35.57,2022 (mid)
Turkey,28.38,6.48,17.96,23.7,17.25,28.04,2022 (mid)
Azerbaijan,28.33,6.4,17.9,25.66,24.95,29.36,2022 (mid)
Kazakhstan,26.45,8.39,17.86,23.73,25.19,35.23,2022 (mid)
Belarus,26.39,8.32,17.8,24.17,25.8,32.31,2022 (mid)
Uzbekistan,26.3,9.84,18.47,25.31,22.58,24.06,2022 (mid)
Egypt,26.27,5.49,16.39,24.62,22.05,21.72,2022 (mid)
Nepal,26.18,3.79,15.53,24.61,18.1,19.97,2022 (mid)
Kyrgyzstan,25.83,7.63,17.17,25.43,21.08,23.94,2022 (mid)
Syria,25.82,4.44,15.65,23.66,18.27,5.72,2022 (mid)
Tunisia,25.48,4.89,15.69,24.91,14.13,28.62,2022 (mid)
Colombia,25.23,7.82,16.95,22.98,18.3,28.27,2022 (mid)
Kosovo (Disputed Territory),25.23,6.85,16.49,23.5,15.92,38.91,2022 (mid)
Algeria,25.08,3.84,14.98,27.36,12.5,25.42,2022 (mid)
Libya,24.6,5.05,15.3,24.87,19.73,30.05,2022 (mid)
India,23.89,6.15,15.45,25.56,16.44,76.44,2022 (mid)
Sri Lanka,22.41,5.66,14.45,26.85,10.97,15.28,2022 (mid)
Pakistan,17.78,3.43,10.95,15.77,13.55,24.45,2022 (mid)
Bermuda,146.04,98.58,123.8,148.66,159.17,81.07,2022
Switzerland,123.35,53.54,90.62,128.13,122.09,118.44,2022
Norway,100.9,34.68,69.86,97.31,105.49,83.11,2022
Iceland,94.86,41.93,70.05,90.22,99.42,77.06,2022
Barbados,92.37,21.99,59.38,87.81,78.18,32.08,2022
Jersey,92.02,65.33,79.51,76.88,94.65,79.14,2022
Israel,88.05,33.94,62.69,76.72,95.31,75.58,2022
Denmark,84.12,33.23,60.26,68.6,98.75,99.45,2022
Bahamas,84,35.34,61.19,70.59,89.09,45.07,2022
Singapore,83.98,66.43,75.75,77.08,61.17,91.34,2022
Guernsey,83.59,54.02,69.73,76.76,89.98,71.57,2022
Hong Kong,80.71,74.57,77.83,84.72,58.58,65.74,2022
Luxembourg,80.5,60.09,70.93,74.75,88.79,98.84,2022
Australia,77.75,36.84,58.57,77.44,72.95,104.63,2022
Japan,77.03,25.86,53.04,81.31,45.4,87.11,2022
Ireland,76.05,42.08,60.13,62.1,80.4,82.27,2022
Netherlands,75.66,36.06,57.1,65.49,76.35,87.99,2022
New Zealand,74.52,34.44,55.73,72.04,70.05,83.63,2022
France,74.13,25.33,51.26,73.64,71.84,85.41,2022
South Korea,73.22,20.02,48.28,91.95,42.1,76.85,2022
Finland,73.2,25.95,51.05,65.16,77.65,91.02,2022
Belgium,72.61,25.79,50.67,63.32,78.63,79.72,2022
Sweden,71.74,25.86,50.23,65.78,72.61,98.14,2022
Austria,71.04,27.13,50.46,65.88,66.03,77.25,2022
Canada,70.22,34.33,53.4,70.01,67.86,87.98,2022
United States,70.13,42.07,56.98,70.37,70.07,106.34,2022
United Kingdom,69.65,31.84,51.93,56.58,76.79,88.78,2022
Lebanon,69.62,24.81,48.61,66.83,54.25,35.12,2022
Malta,67.84,29.72,49.97,59.59,72.42,44.18,2022
Macao,66.81,43,55.65,67.9,51.32,69.27,2022
Puerto Rico,66.53,18.4,43.97,69.6,55.6,72.78,2022
Italy,66.47,20.55,44.95,57.95,70.58,61.74,2022
Seychelles,65.93,32.35,50.19,61.55,77.01,19.43,2022
Germany,65.58,27.62,47.78,52.31,60.91,103.08,2022
Qatar,62.81,48.2,55.96,54.97,63.01,93.67,2022
Taiwan,62.35,17.69,41.42,76.19,29.42,58.35,2022
Cyprus,59.03,22.36,41.84,49.2,61.15,57.31,2022
United Arab Emirates,58.33,43.28,51.28,46.67,61.53,92.17,2022
Palestine,58.11,11.01,36.03,51.23,44.58,39.84,2022
Maldives,57.66,30.2,44.78,56.6,34.72,28.59,2022
Greece,56.22,12.68,35.81,44.73,52.19,39.73,2022
Cuba,55,15.23,36.36,47.93,33.54,1.45,2022
Trinidad And Tobago,54.88,15.97,36.64,53.96,53.74,38.47,2022
Bahrain,54.77,29.22,42.79,44.59,48.94,61.41,2022
Slovenia,53.88,17.9,37.01,47.71,46.74,59.48,2022
Spain,53.88,21.25,38.58,45.69,53.96,70.04,2022
Estonia,53.68,16.37,36.19,42.29,56.43,63.46,2022
Yemen,53.14,6.71,31.38,67.12,24.74,14.41,2022
Uruguay,52.07,13.93,34.19,44.01,49.39,30.07,2022
Suriname,51.78,9.71,32.06,45.92,79.61,13.44,2022
Panama,51.43,21.75,37.51,52.16,43.38,33.09,2022
Belize,51.3,11.64,32.71,48.76,36.6,45.73,2022
Saudi Arabia,50.41,11.67,32.25,42.57,35.5,91.85,2022
Senegal,50.25,22.97,37.46,42.17,46.22,23.45,2022
Jamaica,49.67,15.1,33.46,53.41,35.04,30.25,2022
Oman,49.42,16.77,34.11,46.51,43.24,84.24,2022
Jordan,49.19,9.23,30.46,40.81,41.16,31.34,2022
Cambodia,49.11,15.68,33.44,50.61,22.9,13.32,2022
Croatia,48.94,13.38,32.27,41.98,41.29,47.55,2022
Kuwait,48.68,31.31,40.54,35.63,47.48,78.57,2022
Latvia,48.45,11.77,31.26,38.37,42.1,51.65,2022
Libya,48.35,12.89,31.73,54.03,34.1,33.25,2022
Czech Republic,48.24,18.4,34.25,42.76,36.72,66.47,2022
Portugal,47.94,20.73,35.19,39.01,40.26,46.8,2022
Ethiopia,47.49,16.88,33.14,36.68,18.03,10.15,2022
Ivory Coast,47.03,17.68,33.27,40.22,31.99,6.92,2022
Costa Rica,47.01,14.7,31.87,45.54,41.69,39.88,2022
Zimbabwe,45.68,8.75,28.37,39.88,38.13,19.07,2022
Lithuania,45.65,15.01,31.29,36.18,46.64,58.74,2022
Slovakia,44.68,16.11,31.29,39.74,36.08,54.7,2022
El Salvador,44.37,13.19,29.75,44.32,35.47,21.17,2022
Mauritius,44.08,10.95,28.55,45.61,33.44,29.62,2022
Chile,43.9,13.51,29.66,38.87,43.26,33.27,2022
Guatemala,43.49,15.6,30.42,41.92,32.59,26.35,2022
Thailand,43.21,14.69,29.84,45.15,22.59,31.56,2022
Venezuela,43.2,9.99,27.63,37.34,46.23,15.41,2022
Fiji,43.16,17.76,31.26,48.06,37.42,35.87,2022
South Africa,42.09,16.6,30.14,34.78,41.33,78.36,2022
Dominican Republic,41.77,9.59,26.68,38.45,34.3,21.07,2022
China,41.77,16.53,29.93,46.01,28.37,59.99,2022
Hungary,40.66,11.91,27.18,35.19,32.82,51.98,2022
Honduras,40.46,10.28,26.31,34.73,28.67,32.09,2022
Botswana,40.17,10.21,26.12,35.16,42.5,62.63,2022
Nicaragua,39.64,8.68,25.13,38.13,27.51,17.63,2022
Cameroon,39.48,6.91,24.22,40.41,26.33,15.37,2022
Poland,38.95,14.45,27.46,32.42,33.52,59.95,2022
Montenegro,38.95,12.87,26.72,31.76,33.22,34.19,2022
Bulgaria,38.38,9.07,24.64,34.02,32.44,45.96,2022
Vietnam,37.48,13.22,26.11,38.7,19.98,29.38,2022
Iran,37.39,17.05,27.85,29.46,25.18,17.98,2022
Ecuador,37.34,11.28,25.12,34.49,28.55,31.76,2022
Philippines,37.06,9.59,24.18,37.84,20.61,21.47,2022
Malaysia,37.02,9.87,24.29,39.45,20.84,55.3,2022
Serbia,36.21,8.73,23.33,28.18,29.24,37.83,2022
Ghana,36.2,19.31,28.28,37.53,30.06,16.82,2022
Bosnia And Herzegovina,36.12,6.82,22.39,31.14,25.34,44.1,2022
Indonesia,35.85,9.82,23.65,38.29,17.74,21.07,2022
Myanmar,35.67,21.18,28.87,37.63,20,13.84,2022
Albania,35.5,8.47,22.83,29.32,25.82,30.19,2022
Mexico,35.35,12.55,24.66,34.82,32.67,38.62,2022
Russia,35.26,13.09,24.87,29.86,34.56,37.41,2022
Romania,35.24,10.17,23.49,31.38,30.02,48.12,2022
Bolivia,34.77,10.18,23.24,31.26,24.97,36.04,2022
Mongolia,34.74,11.22,23.72,36.14,22.8,24.34,2022
Argentina,34.69,7.71,22.04,28.17,33.32,30.72,2022
Somalia,34.58,5.16,20.79,39.39,26.65,29.4,2022
Iraq,34.47,10.63,23.29,30.46,28.31,40.92,2022
Kenya,33.92,8.73,22.11,31.27,28.82,32.18,2022
Armenia,33.89,11.61,23.45,27.59,30.55,28.86,2022
Morocco,33.83,8.98,22.18,30.63,24.52,34.36,2022
Uganda,33.5,9.19,22.1,31,24.85,11.41,2022
Brazil,33.24,8.27,21.54,28.16,25.24,27.85,2022
Bangladesh,33.13,4.42,19.67,30.41,21.7,25.3,2022
Zambia,33.04,9.26,21.9,31.53,22.46,40.33,2022
Tanzania,32.81,12.36,23.23,30.04,24.86,15.97,2022
Peru,32.53,11.22,22.54,30.71,21.53,28.17,2022
Rwanda,31.62,15.9,24.25,27.71,27.99,26.82,2022
North Macedonia,31.38,6.06,19.51,26.95,21.02,35.44,2022
Sri Lanka,31.29,8.23,20.48,37.67,17.27,19.27,2022
Belarus,30.89,9.81,21.01,27.24,31.64,31.78,2022
Ukraine,30.71,10.57,21.27,26.3,25.75,37.22,2022
Nigeria,30.49,35.99,33.07,33.65,20.92,9.34,2022
Moldova,30.35,8.7,20.2,24.96,27.1,33.43,2022
Paraguay,30.2,10.04,20.75,25.45,24.19,26.08,2022
Georgia,30.18,9.26,20.37,26.44,27.88,31.15,2022
Azerbaijan,29.73,7.86,19.48,26.57,26.73,27.26,2022
Egypt,29.52,5.82,18.41,27.42,23.42,21.54,2022
Syria,28.75,5.17,17.7,29.34,22.81,6.59,2022
Kazakhstan,28.68,9.44,19.66,25.35,27.24,32.23,2022
Turkey,28.31,6.63,18.15,22.64,18.4,32.88,2022
Nepal,28.29,3.96,16.89,26.45,20.41,22.96,2022
Tunisia,27.87,5.32,17.3,27.36,15.96,27.83,2022
Uzbekistan,27.31,9.29,18.86,26.83,24.22,22.37,2022
Kosovo (Disputed Territory),27.05,8.04,18.14,24.84,19.53,43.86,2022
Algeria,26.87,4.59,16.43,28.82,14.48,24.63,2022
Colombia,26.72,8.18,18.03,23.47,19.44,28.85,2022
India,24.43,5.3,15.47,26.43,17.56,49.72,2022
Afghanistan,20.37,2.72,12.09,14.92,12.41,23.04,2022
Pakistan,19.92,3.91,12.42,17.81,15.54,26.63,2022
Bermuda,147.51,102.54,126.71,148.59,162.07,68.82,2021 (mid)
Switzerland,125.02,54.92,92.59,129.17,122.92,102.77,2021 (mid)
Norway,103.56,36.91,72.72,99.51,106.72,73.55,2021 (mid)
Iceland,99.67,46.62,75.12,93.51,106.16,67.3,2021 (mid)
Barbados,94.44,22.53,61.17,89.23,78.91,30.74,2021 (mid)
Jersey,94.43,64.03,80.36,78.51,96.55,77.12,2021 (mid)
Denmark,88.53,34.51,63.53,71.55,104.06,86.43,2021 (mid)
Luxembourg,85.3,64.19,75.53,79.55,93.53,87.76,2021 (mid)
Israel,84.77,32.6,60.63,73.31,91.74,65.91,2021 (mid)
Bahamas,84.32,35.03,61.51,70.63,83.61,46.07,2021 (mid)
Singapore,82.63,64.98,74.46,74.28,59.02,78.53,2021 (mid)
Japan,81.15,28.05,56.58,84.48,48.67,76.01,2021 (mid)
Hong Kong,80.82,77.56,79.31,84.83,59.5,56.86,2021 (mid)
Australia,80.75,38.67,61.28,78.96,74.73,91.07,2021 (mid)
Netherlands,78.93,38.24,60.1,67.45,80.31,76.65,2021 (mid)
Ireland,78.55,45.34,63.18,64.98,80.96,71.58,2021 (mid)
France,77.59,27.07,54.22,75.99,75.39,76.36,2021 (mid)
South Korea,76.46,23.25,51.84,94.49,43.14,69.44,2021 (mid)
Finland,76.35,27.81,53.89,66.4,81.93,80.11,2021 (mid)
New Zealand,76.31,35.79,57.56,72.34,73.25,74.89,2021 (mid)
Sweden,75.89,27.61,53.55,69.68,75.31,85.44,2021 (mid)
Belgium,75.79,27.28,53.35,65.22,82.5,70.12,2021 (mid)
Austria,74.87,29.38,53.82,68.83,70.9,68.69,2021 (mid)
Seychelles,74.07,34.49,55.76,72.97,82.84,16.86,2021 (mid)
Malta,72.92,33.06,54.47,63.96,76.19,36.73,2021 (mid)
Canada,71.45,35.06,54.62,70.15,69.51,78.34,2021 (mid)
United Kingdom,70.64,33.03,53.24,57.34,76.16,77.47,2021 (mid)
United States,70.55,42.56,57.6,69.87,70.79,94.32,2021 (mid)
Italy,69.99,22.12,47.84,60.7,74,54.3,2021 (mid)
Lebanon,69.32,26.4,49.46,64.23,57.2,32.48,2021 (mid)
Macao,68.16,46.31,58.05,66.18,51.71,62.15,2021 (mid)
Germany,67.85,29.61,50.16,53.33,64,89.86,2021 (mid)
Puerto Rico,67.84,20.4,45.89,70.31,58.23,61.16,2021 (mid)
Taiwan,64.93,17.86,43.15,80.52,29.27,51.09,2021 (mid)
Qatar,61.93,48.95,55.93,54.25,61.93,84.85,2021 (mid)
Cyprus,61.64,22.99,43.76,51.29,63.25,49.36,2021 (mid)
Maldives,61.03,32.1,47.65,62.38,33.62,23.61,2021 (mid)
United Arab Emirates,58.94,39.21,49.81,47.43,59.57,84.93,2021 (mid)
Greece,58.38,13.3,37.52,46.17,54.53,35.95,2021 (mid)
Bahrain,57.16,30.23,44.7,45.96,51.99,52.68,2021 (mid)
Palestine,56.92,10.68,35.52,50.3,41.79,35.98,2021 (mid)
Spain,56.64,23.19,41.16,47.36,56.63,58.5,2021 (mid)
Slovenia,56.4,18.7,38.96,49.16,46.99,52.08,2021 (mid)
Cuba,55.46,16.22,37.31,47.74,35.24,1.28,2021 (mid)
Croatia,55.18,14.5,36.36,48.44,46.86,39.83,2021 (mid)
Trinidad And Tobago,54.78,16.96,37.28,53.37,53.78,34.85,2021 (mid)
Estonia,53.77,15.89,36.24,42.3,53.02,56.58,2021 (mid)
Libya,53.59,13.95,35.25,61.02,36.28,27.83,2021 (mid)
Panama,53.03,23.24,39.25,53.22,45.57,28.91,2021 (mid)
Jamaica,51.75,17.42,35.87,54.27,34.69,28.01,2021 (mid)
Senegal,51.54,22.22,37.97,44.63,37.88,21.87,2021 (mid)
Yemen,51.41,6.77,30.75,63.48,23.46,12.81,2021 (mid)
Ivory Coast,50.95,22.05,37.58,43.21,33.81,5.65,2021 (mid)
Jordan,50.91,9.97,31.97,41.91,42.02,27.95,2021 (mid)
Belize,50.91,11.65,32.74,47.64,36.47,42.38,2021 (mid)
Portugal,50.65,21.97,37.38,40.87,42.54,40.54,2021 (mid)
Uruguay,50.55,14.15,33.7,41.8,48.43,27.43,2021 (mid)
Latvia,50.41,12.9,33.06,39.48,45.62,43.49,2021 (mid)
Suriname,50.05,10.09,31.56,48.44,62.23,14.55,2021 (mid)
Guyana,49.7,8.82,30.78,52.37,44.43,15.87,2021 (mid)
Oman,49.64,17.86,34.93,46.9,43.04,74.87,2021 (mid)
Saudi Arabia,49.6,12.51,32.44,41.94,33.84,80.11,2021 (mid)
Kuwait,49.14,32.78,41.57,36.21,48.15,70.51,2021 (mid)
Ethiopia,48.89,16.36,33.84,36.01,18.2,9.03,2021 (mid)
Chile,48.6,15.01,33.06,41.64,47.86,29.43,2021 (mid)
Costa Rica,48.53,15.66,33.32,46.35,42.77,34.7,2021 (mid)
Czech Republic,48.2,18.79,34.59,42.57,35.41,54.8,2021 (mid)
Cambodia,47.44,15.13,32.49,48.28,23.12,10.16,2021 (mid)
Zimbabwe,47.35,9.47,29.82,40.57,37.47,17.01,2021 (mid)
Slovakia,47.32,17.51,33.53,41.92,37.8,45.65,2021 (mid)
Mauritius,47.13,12.05,30.9,49.5,34.7,24.57,2021 (mid)
Lithuania,46.04,14.75,31.56,35.98,45.37,52.8,2021 (mid)
Venezuela,45.96,10.89,29.73,37.69,48.14,13.39,2021 (mid)
Fiji,44.93,17.9,32.42,49.74,38.02,29.4,2021 (mid)
Thailand,44.76,15.27,31.11,45.99,23.47,28.87,2021 (mid)
Guatemala,44.39,16.19,31.34,42.39,33.34,22.17,2021 (mid)
South Africa,44.21,18.25,32.19,37.08,39.95,69.15,2021 (mid)
El Salvador,44.01,14.12,30.18,42.68,36.14,19.21,2021 (mid)
Hungary,42.26,12.79,28.62,35.8,34.48,47.41,2021 (mid)
Nicaragua,41.81,8.68,26.48,40.68,29.92,15.2,2021 (mid)
Dominican Republic,41.79,10.15,27.15,37.66,34.55,18.8,2021 (mid)
Poland,41.75,19.39,31.4,34.11,35.1,43.61,2021 (mid)
Botswana,41.7,10.73,27.37,35.71,46.73,48.96,2021 (mid)
China,41.31,16.67,29.91,45.2,27.47,53.62,2021 (mid)
Honduras,41.29,10.71,27.14,35.34,29.13,28.72,2021 (mid)
Cameroon,40.85,7.65,25.49,41.51,24.26,14.07,2021 (mid)
Iran,40.64,16.73,29.58,35.06,24.37,16.82,2021 (mid)
Montenegro,39.81,12.02,26.95,31.81,32.37,33.1,2021 (mid)
Philippines,39.11,10.41,25.83,38.41,21.72,18,2021 (mid)
Ecuador,38.79,12.07,26.42,36.03,28.66,27.1,2021 (mid)
Bulgaria,38.67,9.56,25.2,34.25,30.59,39.49,2021 (mid)
Ghana,38.53,21.08,30.46,38.73,31.85,16.85,2021 (mid)
Albania,37.73,8.6,24.25,30.88,28.08,25.59,2021 (mid)
Serbia,37.62,9.75,24.73,28.83,30.62,34.16,2021 (mid)
Malaysia,37.52,10.44,24.99,39.02,21.25,50.11,2021 (mid)
Bosnia And Herzegovina,36.95,7.32,23.24,31.17,25.48,38.94,2021 (mid)
Vietnam,36.94,13.94,26.29,37.87,19.18,25.29,2021 (mid)
Romania,36.77,10.91,24.8,32.45,31.54,41.89,2021 (mid)
Russia,36.76,15.3,26.83,30.79,37.17,35.53,2021 (mid)
Mexico,36.74,14.45,26.43,35.04,33.72,31.3,2021 (mid)
Brazil,36.06,9.24,23.65,30.08,27.7,25.13,2021 (mid)
Myanmar,36.04,20.41,28.8,37.24,19.76,12.73,2021 (mid)
Iraq,36.02,11.33,24.59,31.56,29.08,35.9,2021 (mid)
Indonesia,35.95,9.94,23.91,38.01,17.7,19.01,2021 (mid)
Kenya,35.82,10,23.87,32.77,30.37,25.37,2021 (mid)
Morocco,35.58,9.87,23.68,32.13,25.69,29.77,2021 (mid)
Argentina,35.33,8.31,22.83,28.34,34.18,27.68,2021 (mid)
Bolivia,35.15,11.28,24.1,31.23,25.42,33.39,2021 (mid)
Somalia,34.5,5.8,21.22,39.28,26.91,26.16,2021 (mid)
Mongolia,33.73,10.07,22.78,35.16,22.96,24.34,2021 (mid)
Rwanda,33.57,15.77,25.34,28.59,29.37,22.78,2021 (mid)
Tanzania,33.48,13.43,24.2,30.16,25.33,14.97,2021 (mid)
Armenia,33.22,11.61,23.22,26.52,29.65,24.23,2021 (mid)
Peru,33.01,11.27,22.95,31.12,21.77,26.13,2021 (mid)
Bangladesh,33.01,4.76,19.94,30.77,21.22,21.76,2021 (mid)
Zambia,32.94,8.5,21.63,30.85,21.95,41.19,2021 (mid)
Uganda,32.8,8.08,21.36,29.92,24.08,11.56,2021 (mid)
North Macedonia,32.76,6.69,20.7,27.64,22.01,29.92,2021 (mid)
Turkey,31.74,7.42,20.49,26.96,22.41,31.27,2021 (mid)
Belarus,31.58,10.21,21.69,27.12,32.46,29.87,2021 (mid)
Ukraine,31.2,11.57,22.12,26.5,25.35,30.28,2021 (mid)
Moldova,30.72,8.93,20.64,24.48,27.29,29.44,2021 (mid)
Paraguay,30.72,10.68,21.45,24.92,24.87,24.14,2021 (mid)
Sri Lanka,30.41,8.4,20.23,35.83,16.06,18.43,2021 (mid)
Azerbaijan,30.04,8.85,20.23,25.9,28.71,23.1,2021 (mid)
Nigeria,29.63,33.87,31.59,32.45,18.78,8.79,2021 (mid)
Kazakhstan,29.58,9.63,20.35,25.71,27.64,31.62,2021 (mid)
Egypt,29.14,5.98,18.43,26.26,23.84,18.54,2021 (mid)
Tunisia,28.77,5.82,18.15,28.05,16.85,25.42,2021 (mid)
Georgia,28.58,9.64,19.81,25.19,24.83,25.16,2021 (mid)
Colombia,28.12,8.61,19.09,24.1,20.37,25.34,2021 (mid)
Syria,28.05,5.96,17.83,27.75,23.4,6.84,2021 (mid)
Nepal,27.86,4.4,17.01,25.96,19.91,20,2021 (mid)
Algeria,27.84,5.14,17.34,28.93,14.95,22.49,2021 (mid)
Kosovo (Disputed Territory),27.83,8.76,19,25.29,20.92,39.05,2021 (mid)
Afghanistan,27.64,3.64,16.54,19.02,16.34,20.53,2021 (mid)
Uzbekistan,27.1,9.64,19.02,27.06,21.87,19.48,2021 (mid)
India,24.6,5.67,15.84,26.08,18.14,42.16,2021 (mid)
Pakistan,21.88,4.57,13.87,19.71,16.89,24.56,2021 (mid)
Bermuda,145.07,92.86,120.13,141.77,157.7,83.43,2021
Switzerland,131.75,55.05,95.1,133.36,126.08,110.96,2021
Norway,106.09,36.18,72.68,100.59,105.9,79.43,2021
Iceland,96.77,43.17,71.16,88.84,102.24,71.88,2021
Denmark,91.67,36.18,65.16,72.62,104.92,94.73,2021
Luxembourg,88.28,61.62,75.54,80.71,94.66,95.38,2021
Japan,87.77,28.03,59.23,90.47,49.74,76.53,2021
Israel,86.63,31.9,60.48,73.68,91.1,70.36,2021
Bahamas,85.85,34.54,61.33,69.35,89.29,49.31,2021
Singapore,85.59,64.77,75.64,75.31,62.07,83.62,2021
Australia,84.14,38.38,62.28,81.14,76.28,99.29,2021
Ireland,83.11,45.42,65.1,67.8,82.34,73.84,2021
Barbados,81.49,21.09,52.63,71.51,72.85,45.34,2021
South Korea,81.2,22.91,53.35,99.84,43.98,76.6,2021
France,80.62,27.79,55.38,77.46,75.48,74.06,2021
Hong Kong,79.94,74.24,77.22,81.73,58.6,62.45,2021
Sweden,79.17,28.08,54.76,71.67,77.23,90.55,2021
New Zealand,79.14,35.38,58.23,75.03,69.18,81.44,2021
Seychelles,78.92,34.32,57.61,78.56,84.24,18.03,2021
Netherlands,78.64,39.31,59.85,61.63,81.62,83.89,2021
Belgium,78.52,26.84,53.83,67.33,82.4,76.54,2021
Finland,77.46,28.04,53.85,65.6,81.22,89.05,2021
Lebanon,75.88,24.08,51.13,72.51,62.89,29.49,2021
Austria,75.49,28.42,53,67.62,70.98,78.23,2021
Malta,73.61,32.96,54.19,63.41,77.04,41.89,2021
Italy,73.11,22.91,49.13,62.46,75.6,58.7,2021
United States,71.92,41.14,57.21,70.24,69.42,102.58,2021
United Kingdom,71.03,31.61,52.19,56.38,74.69,82.56,2021
Germany,70.62,29.64,51.04,54.69,65,93.72,2021
Canada,70.08,32.48,52.12,68.5,63.96,82.76,2021
Macao,69.6,44.39,57.56,66.28,48.93,67.6,2021
Puerto Rico,69.51,19.42,45.58,72.13,58.12,69.22,2021
Taiwan,65.25,17.92,42.64,79.11,28.8,56.08,2021
Qatar,64.23,46.59,55.8,56.72,62.58,93.12,2021
Cyprus,64.05,22.7,44.29,51.68,66.31,52.34,2021
United Arab Emirates,61.67,40.62,51.61,48.84,61.25,85.74,2021
Greece,60.96,13.05,38.07,47.66,55.71,38.95,2021
Slovenia,59.38,18.88,40.03,51.46,47.86,56.14,2021
Spain,59.09,23.59,42.13,48.74,56.99,62.68,2021
Bahrain,57.7,29.53,44.24,46.96,52.27,53.24,2021
Estonia,56.45,16.27,37.25,43.35,56.27,61.22,2021
Croatia,56.36,14.94,36.57,49.1,46.13,43.13,2021
Palestine,55.88,9.98,33.95,50.24,36.21,39.1,2021
Cuba,55.54,14.89,36.12,46.93,32.85,1.42,2021
Trinidad And Tobago,55.48,16.44,36.83,53.09,52.21,39,2021
Ivory Coast,54.61,20.26,38.2,47.15,34.5,6.32,2021
Ethiopia,54.3,15.59,35.8,37.47,18.17,10.1,2021
Panama,54.07,22.58,39.02,54.77,45.48,32.05,2021
Jamaica,53.16,15.93,35.37,55.94,33.12,32.21,2021
Portugal,52.88,22.31,38.27,42.01,43.24,44.96,2021
Latvia,52.87,13.17,33.9,41.36,44.92,45.94,2021
Mauritius,52.57,12.32,33.34,54.15,37.56,27.38,2021
Belize,52.45,11.56,32.91,47.82,36.1,45.71,2021
Jordan,52.17,9.69,31.87,42.76,42.08,33.13,2021
Suriname,51.86,10.42,32.06,50.39,62.59,16.47,2021
Zimbabwe,51.52,9.44,31.41,45.56,39.29,22.1,2021
Yemen,51.46,6.21,29.84,61.17,23.62,14.75,2021
Uruguay,51.09,13.56,33.16,40.83,48.95,30.62,2021
Costa Rica,50.64,14.52,33.38,48.03,41.33,39.01,2021
Oman,50.18,17.32,34.48,46.9,41.88,84.45,2021
Saudi Arabia,49.95,11.64,31.64,41.74,31.98,88.18,2021
Kuwait,49.4,31.43,40.82,35.87,45.12,75.32,2021
Brunei,49.35,23.44,36.97,47.21,35.86,89.03,2021
Chile,49.33,14.66,32.76,41.82,45.96,33.33,2021
Thailand,49.32,16.33,33.56,50.64,24.19,31.36,2021
Czech Republic,49.18,19.81,35.15,42.76,34.68,56.4,2021
Slovakia,49.08,17.43,33.96,42.96,37.47,50.39,2021
Fiji,48.54,17.77,33.84,53.43,38.55,30.04,2021
Cambodia,47.91,14.56,31.98,48.64,23.1,11.4,2021
Lithuania,47.66,14.63,31.88,37.28,45.96,54.6,2021
Guatemala,44.76,15.24,30.66,41.68,32.45,25.64,2021
El Salvador,44.57,13.33,29.64,42.69,33.33,20.72,2021
Nicaragua,42.77,7.99,26.15,41.07,29.47,16.69,2021
Hungary,42.75,12.75,28.42,35.46,34.24,49.81,2021
Cameroon,42.57,7.42,25.78,42.88,24.67,15.37,2021
China,42.54,16.42,30.06,45.49,28.4,57.47,2021
Honduras,42.2,10.63,27.12,35.13,28.73,31.06,2021
Poland,42.04,18.09,30.6,33.45,35.38,47.09,2021
South Africa,41.69,15.94,29.38,34.59,37.22,72.92,2021
Dominican Republic,41.54,9.81,26.38,36.12,35.28,21.72,2021
Montenegro,41.43,11.75,27.25,32.55,32.54,35.36,2021
Iran,41.34,17.88,30.13,36.26,25.85,19,2021
Namibia,41.02,14.29,28.25,35.67,35.58,53.28,2021
Bulgaria,40.92,9.88,26.09,35.24,31.88,40.26,2021
Philippines,40.65,10.41,26.2,38.91,22.16,19.71,2021
Ghana,40.63,18.44,30.02,41.21,31.53,15.19,2021
Botswana,40.41,10.74,26.23,34.64,41.52,61.95,2021
Albania,40.25,9.21,25.42,32.73,30.71,26.58,2021
Ecuador,40.08,12.03,26.68,36.42,28.55,30.54,2021
Malaysia,39.51,10.77,25.78,40.2,21.71,56.1,2021
Serbia,39.19,9.83,25.17,29.68,30.59,35.83,2021
Bosnia And Herzegovina,38.56,7.13,23.54,31.84,25.7,42.56,2021
Romania,38.5,10.76,25.25,33.45,32.38,45.19,2021
Myanmar,38.06,21.71,30.25,39.59,21.22,10.67,2021
Vietnam,38.05,14.16,26.63,38.32,19.03,27.26,2021
Argentina,37.87,8.49,23.83,29.2,33.39,34.56,2021
Indonesia,37.44,10.29,24.47,39.4,17.99,20.89,2021
Somalia,37.42,5.9,22.36,44.46,26.73,27.23,2021
Morocco,36.85,9.72,23.89,32.78,26.33,32.17,2021
Kenya,36.3,9.17,23.33,33.38,30.5,27.67,2021
Peru,36.26,12.25,24.79,33.83,23.56,28.81,2021
Bolivia,36.11,10.76,23.99,31.94,25.24,37.23,2021
Mozambique,35.89,15.12,25.97,29.07,29.28,16.4,2021
Mexico,35.05,11.62,23.86,33.64,28.92,35.54,2021
Tanzania,34.6,13.11,24.33,30.62,25.16,16.05,2021
North Macedonia,34.15,6.72,21.04,28.46,22.46,31.97,2021
Rwanda,34.07,14.92,24.92,28.51,28.54,21.97,2021
Bangladesh,33.31,4.9,19.74,31.49,20.39,24.07,2021
Mongolia,33.17,9.91,22.05,33.11,23.35,28.09,2021
Russia,33.17,9.77,21.99,27.81,30.65,34.61,2021
Iraq,32.72,9.76,21.75,27.48,25.64,39.75,2021
Moldova,32.68,8.65,21.2,26.07,26.59,26.99,2021
Uganda,32.18,7.29,20.29,28.93,22,13.97,2021
Brazil,31.82,8.12,20.5,25.41,22.55,28.66,2021
Armenia,31.68,10.36,21.5,24.56,27.25,26.13,2021
Turkey,31.48,6.1,19.35,28.11,19.91,35.35,2021
Sri Lanka,31.28,8.54,20.42,36.47,16.54,20.77,2021
Colombia,31,9.96,20.94,26.28,21.8,26.13,2021
Azerbaijan,30.9,9.02,20.45,26.23,28.66,25.77,2021
Paraguay,30.72,9.77,20.71,24.55,24.34,27.51,2021
Belarus,30.69,9.19,20.42,26.57,31.03,31.96,2021
Egypt,30.1,5.97,18.57,26.53,24.91,19.99,2021
Kazakhstan,29.76,9.31,19.99,25.61,25.8,34.92,2021
Nigeria,29.74,28.91,29.34,31.23,17.97,9.78,2021
Tunisia,29.5,5.77,18.16,28.48,15.75,27.81,2021
Kosovo (Disputed Territory),29.4,8.8,19.56,26.86,21.1,40.14,2021
Ukraine,29.21,8.74,19.43,24.34,23.72,30.1,2021
Syria,29.03,5.68,17.87,28.38,23.48,8.08,2021
Nepal,28.86,4.54,17.24,26.45,19.68,20.63,2021
Algeria,28.31,5.01,17.18,29.09,14.98,24.77,2021
Zambia,28.06,6.75,17.88,27.12,16.18,59.47,2021
Georgia,28.05,9.42,19.15,24.37,24.22,25.67,2021
Uzbekistan,27.12,8.06,18.01,23.91,21.43,21.96,2021
Afghanistan,26.33,3.85,15.59,19.3,16.98,26.58,2021
India,25.16,5.77,15.9,26.26,17.66,47.13,2021
Kyrgyzstan,22.98,7.43,15.55,20.57,19.19,22.01,2021
Libya,22.32,5.68,14.37,25.3,13.31,31.81,2021
Pakistan,21.59,4.37,13.36,19.06,17.24,27.28,2021
Switzerland,122.4,50.25,87.89,120.27,123.01,119.53,2020 (mid)
Norway,101.43,36.15,70.21,91.14,109.28,88.38,2020 (mid)
Iceland,100.48,46.95,74.88,86.89,113.74,79.44,2020 (mid)
Japan,83.35,25.97,55.9,81.82,48.95,87.28,2020 (mid)
Denmark,83,31.92,58.57,61.74,100.75,100.88,2020 (mid)
Bahamas,82.51,36.36,60.43,62.65,83.66,54.18,2020 (mid)
Luxembourg,81.89,54.92,68.99,69.1,89.85,103.92,2020 (mid)
Israel,81.15,31.33,57.32,66.31,88.65,78.09,2020 (mid)
Singapore,81.1,63.27,72.58,66.75,58.99,88.96,2020 (mid)
South Korea,78.18,22.86,51.72,91.31,44.87,85.21,2020 (mid)
Hong Kong,77.22,79.57,78.35,75.94,54.36,65.32,2020 (mid)
Barbados,76.02,19.7,49.08,65.2,68.14,51.1,2020 (mid)
Ireland,75.91,43.88,60.59,58.35,81.24,80.88,2020 (mid)
France,74.14,25.39,50.82,67.9,72.54,80.36,2020 (mid)
Netherlands,73.75,35.18,55.3,55.87,80.48,90.73,2020 (mid)
Australia,73.54,34.86,55.04,67.23,70.32,107.31,2020 (mid)
New Zealand,72.53,32.09,53.19,64.69,68.8,92.66,2020 (mid)
Belgium,71.78,25.43,49.61,58.66,80.14,86.28,2020 (mid)
Seychelles,71.59,32.34,52.81,64.61,84.86,21.67,2020 (mid)
United States,71.05,40.32,56.36,66.61,70.74,109.52,2020 (mid)
Austria,70.38,26.81,49.54,61.73,68.09,82.38,2020 (mid)
Finland,70.29,26.16,49.18,56.52,76.81,99.93,2020 (mid)
Sweden,69.85,25.9,48.83,60.47,72.35,101.73,2020 (mid)
Canada,67.62,30.73,49.98,63.68,63.53,95.09,2020 (mid)
Puerto Rico,67.54,19.29,44.46,65.76,58.68,79.38,2020 (mid)
Malta,67.46,31.04,50.04,54.9,75.94,46.32,2020 (mid)
United Kingdom,67.28,29.85,49.38,51.27,74.13,91.73,2020 (mid)
Italy,67.26,21.22,45.24,55.44,72.32,65.59,2020 (mid)
Germany,65.26,27.06,46.99,49.23,61.58,102.36,2020 (mid)
Macao,64.84,43.98,54.87,62,43.37,80.9,2020 (mid)
Qatar,64.04,47.44,56.1,53.61,66.83,111.69,2020 (mid)
United Arab Emirates,61.98,41.07,51.98,47.63,61.32,91.58,2020 (mid)
Taiwan,61.37,16.42,39.87,71.51,28.49,65.67,2020 (mid)
Lebanon,60.5,24.54,43.3,43.92,58.16,44.47,2020 (mid)
Bahrain,58.94,30.95,45.55,48.11,54.55,57.88,2020 (mid)
Cyprus,57.93,20.54,40.05,44.21,63.11,57.41,2020 (mid)
Jamaica,57.82,15.25,37.46,58.96,38.12,32.37,2020 (mid)
Greece,55.67,11.68,34.62,41.63,53.74,43.68,2020 (mid)
Zimbabwe,55.3,11.02,34.12,50.8,40.79,26.03,2020 (mid)
Palestine,54.54,8.83,32.68,46.67,38.93,46.91,2020 (mid)
Ethiopia,54.39,20.9,38.37,36.3,19.37,8.34,2020 (mid)
Panama,54.16,24.76,40.09,53.03,47.27,34.23,2020 (mid)
Costa Rica,53.98,15.55,35.6,49.6,43.51,42.61,2020 (mid)
Spain,53.77,21.77,38.46,42.38,52.07,72.03,2020 (mid)
Trinidad And Tobago,53.7,17.26,36.27,49.43,49.83,45.7,2020 (mid)
Jordan,53.67,11.54,33.52,43.32,47.12,34.88,2020 (mid)
Slovenia,53.43,17.09,36.05,43.76,45.43,66.31,2020 (mid)
Mauritius,53.04,11.99,33.41,48.94,43.96,30.88,2020 (mid)
Uruguay,51.04,14.43,33.53,40.12,47.41,37.46,2020 (mid)
Estonia,50.93,15.41,33.94,36.57,52.94,71.3,2020 (mid)
Kuwait,50.37,31.21,41.21,34.68,47.08,85.59,2020 (mid)
Thailand,49.77,17.1,34.14,49.2,24.9,35.45,2020 (mid)
Croatia,49.7,13.5,32.38,39.9,42.44,50.42,2020 (mid)
Portugal,49.52,21.81,36.27,38.14,42.48,49.43,2020 (mid)
Oman,49.28,17.98,34.31,43.5,44.26,80.97,2020 (mid)
Belize,49.23,9.74,30.34,41.89,37.05,57.53,2020 (mid)
Saudi Arabia,48.34,11.39,30.67,37.89,33.51,100,2020 (mid)
Latvia,47.94,12.34,30.91,34.85,42.88,52.48,2020 (mid)
Cambodia,47.49,14.9,31.9,44.56,25.19,11.29,2020 (mid)
Fiji,47.48,18.55,33.64,52.67,35.87,33.17,2020 (mid)
Czech Republic,46.15,19.56,33.43,38.13,34.1,62.82,2020 (mid)
El Salvador,45.57,13.48,30.22,43.67,34.8,24.71,2020 (mid)
Brunei,44.71,23.08,34.36,37.11,38.06,86.95,2020 (mid)
Nicaragua,44.56,7.61,26.88,41.71,31.41,23.92,2020 (mid)
Slovakia,44.46,16.11,30.9,37.51,33.82,56.94,2020 (mid)
Lithuania,44.28,13.65,29.63,33.63,42.7,57.85,2020 (mid)
Dominican Republic,44.06,10.62,28.06,35.93,38.27,23.95,2020 (mid)
Chile,43.62,13.39,29.16,36.45,41.57,42.5,2020 (mid)
Cuba,43.46,4.84,24.99,37.4,30.95,2.18,2020 (mid)
Suriname,43.14,7.79,26.23,45.78,34.98,22.39,2020 (mid)
Namibia,43.1,16.12,30.19,36.8,39.22,55.65,2020 (mid)
South Africa,42.87,16.61,30.31,33.29,40.58,73.61,2020 (mid)
Guatemala,42.7,15.29,29.59,37.41,33,39.83,2020 (mid)
Honduras,42.17,10.6,27.07,33.33,30.55,30.26,2020 (mid)
Myanmar,42.11,23.78,33.35,44.68,19.04,10.22,2020 (mid)
Ecuador,40.98,11.96,27.1,35.46,30.66,36.08,2020 (mid)
Hungary,40.85,13.97,27.99,30.77,34.46,47.55,2020 (mid)
Brazil,40.22,10.65,26.08,29.2,30.78,32.81,2020 (mid)
Kenya,40.21,10.73,26.11,35.35,35.06,27.32,2020 (mid)
China,40.04,16.38,28.72,40.37,29.16,60.88,2020 (mid)
Poland,40.04,15.67,28.38,30.55,33.45,59.61,2020 (mid)
Russia,39.21,11.36,25.89,31.08,39.61,38.94,2020 (mid)
Botswana,39.13,11.12,25.73,31.74,39.98,58.1,2020 (mid)
Malaysia,39.12,11,25.67,37.58,22.94,64.49,2020 (mid)
Iraq,39.04,11.28,25.76,31.85,32.72,42.43,2020 (mid)
Iran,39.01,14.48,27.28,35.54,25.12,22.69,2020 (mid)
Somalia,38.68,4.75,22.45,45.88,27.04,33.24,2020 (mid)
Peru,38.65,12.78,26.28,33.8,24.69,33.95,2020 (mid)
Vietnam,38.34,13.57,26.5,37.06,19.59,28.14,2020 (mid)
Montenegro,38.23,10.38,24.91,28.63,33.16,39.8,2020 (mid)
Ghana,37.65,19.41,28.93,37.17,26.59,14.66,2020 (mid)
Philippines,37.63,9,23.94,33.46,20.84,23.48,2020 (mid)
Indonesia,37.27,10.62,24.52,37.36,18.25,25.05,2020 (mid)
Bulgaria,36.7,9.64,23.75,30.09,29.14,49.37,2020 (mid)
Albania,36.39,8.55,23.07,28.39,26.75,29.56,2020 (mid)
Bosnia And Herzegovina,35.97,6.72,21.97,28.08,25.1,41.83,2020 (mid)
Mexico,35.72,11.46,24.11,32.39,32.12,41.81,2020 (mid)
Serbia,35.72,9.08,22.98,25.46,28.63,36.72,2020 (mid)
Romania,35.31,10.05,23.22,29.03,30.5,48.86,2020 (mid)
Tanzania,35.25,14.04,25.11,29.66,22.57,17.58,2020 (mid)
Belarus,34.7,10.5,23.13,28.06,38.94,37,2020 (mid)
Turkey,34.69,6.78,21.34,29.76,24.16,40.85,2020 (mid)
Bolivia,34.56,10.93,23.26,28.09,25.11,39.34,2020 (mid)
Morocco,34.32,8.94,22.18,30.11,24.5,35.25,2020 (mid)
Moldova,33.7,8.4,21.6,25.96,27.79,27.57,2020 (mid)
Rwanda,33.35,11.88,23.08,26.83,29.17,19.32,2020 (mid)
Ukraine,33.18,10.46,22.31,26.01,26.42,31.8,2020 (mid)
Argentina,32.95,8.33,21.17,25.82,30.52,47.22,2020 (mid)
Armenia,32.84,10.91,22.35,25.61,30.43,28,2020 (mid)
Bangladesh,32.25,5.01,19.22,29.72,19.21,33.21,2020 (mid)
Zambia,31.72,7.39,20.08,26.86,22.07,54.14,2020 (mid)
Sri Lanka,31.61,7.74,20.2,35.09,18.76,24.45,2020 (mid)
North Macedonia,31.59,6.49,19.58,24.94,23.31,37.15,2020 (mid)
Paraguay,31.1,9.66,20.85,25.03,25.01,32.6,2020 (mid)
Nigeria,31,23.59,27.45,31.15,17.71,13.52,2020 (mid)
Colombia,30.66,9.58,20.58,25.05,22.44,31.12,2020 (mid)
Kazakhstan,30.64,9.78,20.66,24.31,29.87,38.36,2020 (mid)
Uganda,30.18,10.15,20.6,25.25,22.14,20.5,2020 (mid)
Algeria,30.1,5.34,18.26,30.71,15.89,28.69,2020 (mid)
Azerbaijan,29.92,9.48,20.15,23.74,30.36,30.2,2020 (mid)
Egypt,29.54,5.49,18.04,25.5,23.53,22.41,2020 (mid)
Nepal,29.05,4.77,17.44,24.91,20.36,21.9,2020 (mid)
Georgia,28.48,9.8,19.54,23.05,26.66,24.88,2020 (mid)
Kosovo (Disputed Territory),28.47,8.47,18.91,26.53,21.04,48.9,2020 (mid)
Venezuela,27.17,6.81,17.43,28.29,24.41,2.61,2020 (mid)
Tunisia,27.04,5.51,16.74,25.25,14.95,34.45,2020 (mid)
Kyrgyzstan,26.97,9.18,18.46,23.39,21.45,24.98,2020 (mid)
Uzbekistan,26.01,7.54,17.18,21.59,20.17,24.31,2020 (mid)
Syria,25.31,5.68,15.92,22.42,21.38,11.46,2020 (mid)
India,24.58,5.68,15.54,24.55,17.17,54.3,2020 (mid)
Afghanistan,24.24,4.03,14.58,17.7,17.38,28.2,2020 (mid)
Pakistan,21.98,4.59,13.66,19.08,16.78,30.57,2020 (mid)
Switzerland,122.4,50.25,87.89,120.27,123.01,119.53,2020
Norway,101.43,36.15,70.21,91.14,109.28,88.38,2020
Iceland,100.48,46.95,74.88,86.89,113.74,79.44,2020
Japan,83.35,25.97,55.9,81.82,48.95,87.28,2020
Denmark,83,31.92,58.57,61.74,100.75,100.88,2020
Bahamas,82.51,36.36,60.43,62.65,83.66,54.18,2020
Luxembourg,81.89,54.92,68.99,69.1,89.85,103.92,2020
Israel,81.15,31.33,57.32,66.31,88.65,78.09,2020
Singapore,81.1,63.27,72.58,66.75,58.99,88.96,2020
South Korea,78.18,22.86,51.72,91.31,44.87,85.21,2020
Hong Kong,77.22,79.57,78.35,75.94,54.36,65.32,2020
Barbados,76.02,19.7,49.08,65.2,68.14,51.1,2020
Ireland,75.91,43.88,60.59,58.35,81.24,80.88,2020
France,74.14,25.39,50.82,67.9,72.54,80.36,2020
Netherlands,73.75,35.18,55.3,55.87,80.48,90.73,2020
Australia,73.54,34.86,55.04,67.23,70.32,107.31,2020
New Zealand,72.53,32.09,53.19,64.69,68.8,92.66,2020
Belgium,71.78,25.43,49.61,58.66,80.14,86.28,2020
Seychelles,71.59,32.34,52.81,64.61,84.86,21.67,2020
United States,71.05,40.32,56.36,66.61,70.74,109.52,2020
Austria,70.38,26.81,49.54,61.73,68.09,82.38,2020
Finland,70.29,26.16,49.18,56.52,76.81,99.93,2020
Sweden,69.85,25.9,48.83,60.47,72.35,101.73,2020
Canada,67.62,30.73,49.98,63.68,63.53,95.09,2020
Puerto Rico,67.54,19.29,44.46,65.76,58.68,79.38,2020
Malta,67.46,31.04,50.04,54.9,75.94,46.32,2020
United Kingdom,67.28,29.85,49.38,51.27,74.13,91.73,2020
Italy,67.26,21.22,45.24,55.44,72.32,65.59,2020
Germany,65.26,27.06,46.99,49.23,61.58,102.36,2020
Macao,64.84,43.98,54.87,62,43.37,80.9,2020
Qatar,64.04,47.44,56.1,53.61,66.83,111.69,2020
United Arab Emirates,61.98,41.07,51.98,47.63,61.32,91.58,2020
Taiwan,61.37,16.42,39.87,71.51,28.49,65.67,2020
Lebanon,60.5,24.54,43.3,43.92,58.16,44.47,2020
Bahrain,58.94,30.95,45.55,48.11,54.55,57.88,2020
Cyprus,57.93,20.54,40.05,44.21,63.11,57.41,2020
Jamaica,57.82,15.25,37.46,58.96,38.12,32.37,2020
Greece,55.67,11.68,34.62,41.63,53.74,43.68,2020
Zimbabwe,55.3,11.02,34.12,50.8,40.79,26.03,2020
Palestine,54.54,8.83,32.68,46.67,38.93,46.91,2020
Ethiopia,54.39,20.9,38.37,36.3,19.37,8.34,2020
Panama,54.16,24.76,40.09,53.03,47.27,34.23,2020
Costa Rica,53.98,15.55,35.6,49.6,43.51,42.61,2020
Spain,53.77,21.77,38.46,42.38,52.07,72.03,2020
Trinidad And Tobago,53.7,17.26,36.27,49.43,49.83,45.7,2020
Jordan,53.67,11.54,33.52,43.32,47.12,34.88,2020
Slovenia,53.43,17.09,36.05,43.76,45.43,66.31,2020
Mauritius,53.04,11.99,33.41,48.94,43.96,30.88,2020
Uruguay,51.04,14.43,33.53,40.12,47.41,37.46,2020
Estonia,50.93,15.41,33.94,36.57,52.94,71.3,2020
Kuwait,50.37,31.21,41.21,34.68,47.08,85.59,2020
Thailand,49.77,17.1,34.14,49.2,24.9,35.45,2020
Croatia,49.7,13.5,32.38,39.9,42.44,50.42,2020
Portugal,49.52,21.81,36.27,38.14,42.48,49.43,2020
Oman,49.28,17.98,34.31,43.5,44.26,80.97,2020
Belize,49.23,9.74,30.34,41.89,37.05,57.53,2020
Saudi Arabia,48.34,11.39,30.67,37.89,33.51,100,2020
Latvia,47.94,12.34,30.91,34.85,42.88,52.48,2020
Cambodia,47.49,14.9,31.9,44.56,25.19,11.29,2020
Fiji,47.48,18.55,33.64,52.67,35.87,33.17,2020
Czech Republic,46.15,19.56,33.43,38.13,34.1,62.82,2020
El Salvador,45.57,13.48,30.22,43.67,34.8,24.71,2020
Brunei,44.71,23.08,34.36,37.11,38.06,86.95,2020
Nicaragua,44.56,7.61,26.88,41.71,31.41,23.92,2020
Slovakia,44.46,16.11,30.9,37.51,33.82,56.94,2020
Lithuania,44.28,13.65,29.63,33.63,42.7,57.85,2020
Dominican Republic,44.06,10.62,28.06,35.93,38.27,23.95,2020
Chile,43.62,13.39,29.16,36.45,41.57,42.5,2020
Cuba,43.46,4.84,24.99,37.4,30.95,2.18,2020
Suriname,43.14,7.79,26.23,45.78,34.98,22.39,2020
Namibia,43.1,16.12,30.19,36.8,39.22,55.65,2020
South Africa,42.87,16.61,30.31,33.29,40.58,73.61,2020
Guatemala,42.7,15.29,29.59,37.41,33,39.83,2020
Honduras,42.17,10.6,27.07,33.33,30.55,30.26,2020
Myanmar,42.11,23.78,33.35,44.68,19.04,10.22,2020
Ecuador,40.98,11.96,27.1,35.46,30.66,36.08,2020
Hungary,40.85,13.97,27.99,30.77,34.46,47.55,2020
Brazil,40.22,10.65,26.08,29.2,30.78,32.81,2020
Kenya,40.21,10.73,26.11,35.35,35.06,27.32,2020
China,40.04,16.38,28.72,40.37,29.16,60.88,2020
Poland,40.04,15.67,28.38,30.55,33.45,59.61,2020
Russia,39.21,11.36,25.89,31.08,39.61,38.94,2020
Botswana,39.13,11.12,25.73,31.74,39.98,58.1,2020
Malaysia,39.12,11,25.67,37.58,22.94,64.49,2020
Iraq,39.04,11.28,25.76,31.85,32.72,42.43,2020
Iran,39.01,14.48,27.28,35.54,25.12,22.69,2020
Somalia,38.68,4.75,22.45,45.88,27.04,33.24,2020
Peru,38.65,12.78,26.28,33.8,24.69,33.95,2020
Vietnam,38.34,13.57,26.5,37.06,19.59,28.14,2020
Montenegro,38.23,10.38,24.91,28.63,33.16,39.8,2020
Ghana,37.65,19.41,28.93,37.17,26.59,14.66,2020
Philippines,37.63,9,23.94,33.46,20.84,23.48,2020
Indonesia,37.27,10.62,24.52,37.36,18.25,25.05,2020
Bulgaria,36.7,9.64,23.75,30.09,29.14,49.37,2020
Albania,36.39,8.55,23.07,28.39,26.75,29.56,2020
Bosnia And Herzegovina,35.97,6.72,21.97,28.08,25.1,41.83,2020
Mexico,35.72,11.46,24.11,32.39,32.12,41.81,2020
Serbia,35.72,9.08,22.98,25.46,28.63,36.72,2020
Romania,35.31,10.05,23.22,29.03,30.5,48.86,2020
Tanzania,35.25,14.04,25.11,29.66,22.57,17.58,2020
Belarus,34.7,10.5,23.13,28.06,38.94,37,2020
Turkey,34.69,6.78,21.34,29.76,24.16,40.85,2020
Bolivia,34.56,10.93,23.26,28.09,25.11,39.34,2020
Morocco,34.32,8.94,22.18,30.11,24.5,35.25,2020
Moldova,33.7,8.4,21.6,25.96,27.79,27.57,2020
Rwanda,33.35,11.88,23.08,26.83,29.17,19.32,2020
Ukraine,33.18,10.46,22.31,26.01,26.42,31.8,2020
Argentina,32.95,8.33,21.17,25.82,30.52,47.22,2020
Armenia,32.84,10.91,22.35,25.61,30.43,28,2020
Bangladesh,32.25,5.01,19.22,29.72,19.21,33.21,2020
Zambia,31.72,7.39,20.08,26.86,22.07,54.14,2020
Sri Lanka,31.61,7.74,20.2,35.09,18.76,24.45,2020
North Macedonia,31.59,6.49,19.58,24.94,23.31,37.15,2020
Paraguay,31.1,9.66,20.85,25.03,25.01,32.6,2020
Nigeria,31,23.59,27.45,31.15,17.71,13.52,2020
Colombia,30.66,9.58,20.58,25.05,22.44,31.12,2020
Kazakhstan,30.64,9.78,20.66,24.31,29.87,38.36,2020
Uganda,30.18,10.15,20.6,25.25,22.14,20.5,2020
Algeria,30.1,5.34,18.26,30.71,15.89,28.69,2020
Azerbaijan,29.92,9.48,20.15,23.74,30.36,30.2,2020
Egypt,29.54,5.49,18.04,25.5,23.53,22.41,2020
Nepal,29.05,4.77,17.44,24.91,20.36,21.9,2020
Georgia,28.48,9.8,19.54,23.05,26.66,24.88,2020
Kosovo (Disputed Territory),28.47,8.47,18.91,26.53,21.04,48.9,2020
Venezuela,27.17,6.81,17.43,28.29,24.41,2.61,2020
Tunisia,27.04,5.51,16.74,25.25,14.95,34.45,2020
Kyrgyzstan,26.97,9.18,18.46,23.39,21.45,24.98,2020
Uzbekistan,26.01,7.54,17.18,21.59,20.17,24.31,2020
Syria,25.31,5.68,15.92,22.42,21.38,11.46,2020
India,24.58,5.68,15.54,24.55,17.17,54.3,2020
Afghanistan,24.24,4.03,14.58,17.7,17.38,28.2,2020
Pakistan,21.98,4.59,13.66,19.08,16.78,30.57,2020
Cayman Islands,141.64,74.4,109.49,157.93,105.03,137.88,2019 (mid)
Bermuda,138.22,87.62,114.03,124.87,150.4,79.87,2019 (mid)
Switzerland,122.67,50.22,88.03,121.29,124.04,127.76,2019 (mid)
Norway,104.49,37.26,72.34,93.94,115.59,98,2019 (mid)
Us Virgin Islands,97.23,48.24,73.81,87.42,90.74,54.58,2019 (mid)
Iceland,97.22,45.08,72.29,84.63,111.46,92.03,2019 (mid)
Bahamas,85.96,35.4,61.79,68.84,87.2,56.21,2019 (mid)
Japan,85.52,28.08,58.06,84.69,50.05,97.57,2019 (mid)
Luxembourg,84.68,55.44,70.7,71.6,92.91,107.89,2019 (mid)
Denmark,83.88,33.73,59.9,64.02,100.63,110.69,2019 (mid)
Barbados,80.32,20,51.48,72.75,72.61,56.97,2019 (mid)
Singapore,80.23,61.99,71.51,68.28,55.41,88.84,2019 (mid)
Israel,79.54,31.49,56.56,64.86,88.75,85.96,2019 (mid)
Hong Kong,79.21,79.72,79.46,79.4,55.62,66.79,2019 (mid)
Ireland,76.33,43.94,60.85,58.83,84.08,90.8,2019 (mid)
Netherlands,75.22,35.29,56.13,58.1,82.9,98.04,2019 (mid)
South Korea,75.16,20.87,49.2,87.23,43.27,99.13,2019 (mid)
France,74.62,26.1,51.42,67.42,75.09,87.7,2019 (mid)
Australia,73.39,35.35,55.2,67.38,72.23,118.09,2019 (mid)
Belgium,73.13,26.05,50.62,60.46,82.53,93.17,2019 (mid)
New Zealand,73.01,31.44,53.13,65.05,69.93,97.59,2019 (mid)
Seychelles,72.75,32.79,53.64,65.46,87.37,21.52,2019 (mid)
Finland,72.18,26.31,50.25,58.18,79.39,108.78,2019 (mid)
Austria,72.15,27.84,50.96,64.81,71.81,89.88,2019 (mid)
United States,70.95,40.5,56.39,67.1,70.76,119.1,2019 (mid)
Sweden,70.11,25.65,48.85,61.18,72.14,112.75,2019 (mid)
Italy,69.02,21.6,46.35,57.45,74.72,73.43,2019 (mid)
Canada,68.16,30.28,50.04,64.99,63.25,105.01,2019 (mid)
Puerto Rico,66.81,18.46,43.7,65.8,54.64,93.03,2019 (mid)
Germany,66.57,27.02,47.66,51.21,63.38,111.99,2019 (mid)
Malta,65.43,30.14,48.55,51.11,73.53,55.34,2019 (mid)
United Kingdom,65.33,28.69,47.81,50.44,72.54,100.46,2019 (mid)
United Arab Emirates,63.58,45.04,54.71,50.68,62.17,100.53,2019 (mid)
Qatar,62.22,51.18,56.94,52.6,63.93,119.33,2019 (mid)
Libya,61.25,15.15,39.21,72.77,38.11,55.97,2019 (mid)
Lebanon,59.74,26.2,43.7,44.09,58.13,50.7,2019 (mid)
Taiwan,58.77,15.45,38.06,67.88,26.95,74.16,2019 (mid)
Cyprus,58.39,20.72,40.38,45.01,63.14,67.28,2019 (mid)
Bahrain,58.36,31.22,45.38,49.52,52.53,63.84,2019 (mid)
Greece,56.72,11.47,35.09,42.78,55.42,48.46,2019 (mid)
Jamaica,56.44,14.76,36.51,55.76,39.88,35.39,2019 (mid)
Ethiopia,55.52,26.31,41.55,35.81,20.28,9.46,2019 (mid)
Jordan,55.36,11.88,34.57,43.45,49.7,37.34,2019 (mid)
Costa Rica,55.09,16.23,36.51,49.74,45.7,46.02,2019 (mid)
Uruguay,54.91,15.46,36.05,43.15,53.64,39.82,2019 (mid)
Spain,54.74,21.53,38.86,43.25,53.74,79.81,2019 (mid)
Zimbabwe,54.72,11.51,34.06,49.94,39.57,28.66,2019 (mid)
Trinidad And Tobago,54.17,16.5,36.16,49.87,48.9,52.83,2019 (mid)
Slovenia,54.17,15.81,35.83,44.5,45.59,68.24,2019 (mid)
Palestine,52.99,9.25,32.07,46.05,38.44,52.82,2019 (mid)
Panama,52.98,24.42,39.33,50.27,47.41,38.96,2019 (mid)
Mauritius,51.6,11.3,32.33,46.06,40.27,36.76,2019 (mid)
Estonia,50.99,15.63,34.08,36.22,53.06,76.75,2019 (mid)
Portugal,50.77,21.76,36.9,39.9,43.85,53.61,2019 (mid)
Kuwait,50.33,32.98,42.03,36.73,48.05,98.33,2019 (mid)
Croatia,50.05,12.71,32.19,40.52,42.07,57.23,2019 (mid)
Thailand,49.86,17.13,34.21,50.08,24.83,39.87,2019 (mid)
Fiji,49.67,19.79,35.38,54.9,36.71,33.13,2019 (mid)
Latvia,49.55,12.04,31.62,35.72,47.73,56.55,2019 (mid)
Chile,49.15,15.54,33.08,41.26,46.84,51.43,2019 (mid)
Belize,49.06,10.62,30.68,40.63,39.47,71.16,2019 (mid)
Saudi Arabia,48.71,11.55,30.94,37.98,34.17,110.93,2019 (mid)
Oman,48.55,19.4,34.61,40.85,47.06,83.09,2019 (mid)
Myanmar,48.06,22.96,36.06,52.6,22.19,12.68,2019 (mid)
Cambodia,47.82,15.13,32.19,43.9,25.43,11.79,2019 (mid)
El Salvador,47.69,15.61,32.36,46.27,36.29,28.56,2019 (mid)
Dominican Republic,46.17,10.59,29.16,36.37,42.21,25.18,2019 (mid)
Nicaragua,45.87,8.91,28.2,43.69,31.56,24.43,2019 (mid)
Czech Republic,45.7,19.37,33.11,37.89,33.78,71.19,2019 (mid)
Lithuania,45.41,12.8,29.82,35.14,43.77,60.44,2019 (mid)
Mozambique,44.65,19.94,32.84,33.48,38.38,25.49,2019 (mid)
Slovakia,44.65,15.86,30.88,37.68,33.94,61.83,2019 (mid)
Brunei,44.33,23.29,34.27,37.7,35.08,94.26,2019 (mid)
Namibia,44.1,16.87,31.08,38.92,41.18,60.16,2019 (mid)
South Africa,43.74,17.24,31.07,34.36,41.75,81.3,2019 (mid)
Ghana,43.11,26.61,35.22,38.33,27.8,20.69,2019 (mid)
Guatemala,43.04,14.77,29.53,37.69,33.7,41.47,2019 (mid)
Brazil,42.64,10.92,27.48,30.7,34.22,36.31,2019 (mid)
Honduras,42.34,10.97,27.34,33.02,31.64,35.52,2019 (mid)
Ecuador,41.99,11.83,27.57,36.48,31.49,40.84,2019 (mid)
Cuba,41.73,6.31,24.79,36.25,29.71,2.67,2019 (mid)
Hungary,41.7,13.84,28.38,31.88,34.2,53.78,2019 (mid)
Iran,41.39,14.29,28.43,40.11,25.54,25.95,2019 (mid)
China,40.54,17.19,29.37,41.03,29.68,63.93,2019 (mid)
Iraq,39.84,11.11,26.1,32.7,33.92,46.41,2019 (mid)
Suriname,39.58,8.19,24.57,44.06,33.36,24.76,2019 (mid)
Malaysia,39.46,10.65,25.68,38.6,22.97,70.35,2019 (mid)
Poland,39.38,15.29,27.86,30.36,32.89,66.06,2019 (mid)
Botswana,39.37,11.43,26.01,33.28,42.56,67.57,2019 (mid)
Montenegro,39.37,10.3,25.47,30,34.17,42.19,2019 (mid)
Kenya,39.26,11.2,25.84,33.86,32.35,29.34,2019 (mid)
Peru,38.82,12.41,26.19,33.2,26.32,37.42,2019 (mid)
Argentina,38.72,10.38,25.17,31.32,36.43,52.01,2019 (mid)
Russia,38.59,12,25.88,30.79,39.32,43.69,2019 (mid)
Vietnam,38.17,13.34,26.3,36.97,19.98,30.22,2019 (mid)
Bulgaria,37.37,9.45,24.02,30.75,29.71,51,2019 (mid)
Philippines,36.97,8.66,23.44,33.22,20.86,27.21,2019 (mid)
Indonesia,36.86,9.01,23.54,37.48,18.18,31.01,2019 (mid)
Albania,36.63,8.63,23.24,28.54,28.67,32.19,2019 (mid)
Serbia,36.3,8.75,23.13,25.96,29.87,37.94,2019 (mid)
Bosnia And Herzegovina,36.19,6.59,22.04,28.66,24.78,46.52,2019 (mid)
Romania,36.07,10.19,23.7,29.5,31.68,54.2,2019 (mid)
Turkey,35.66,7.27,22.09,30.88,25.15,44.44,2019 (mid)
Zambia,35.49,10.99,23.78,29.15,25.57,69.4,2019 (mid)
Tanzania,35.07,14.74,25.35,29.04,24.4,20.64,2019 (mid)
Morocco,34.59,9.29,22.49,30.3,23.94,39.4,2019 (mid)
Mongolia,34.43,9.68,22.6,32.12,23.31,29.83,2019 (mid)
Mexico,34.29,10.85,23.08,31.39,30.97,47.05,2019 (mid)
Bolivia,34.07,10.62,22.86,26.75,26.64,44.74,2019 (mid)
Rwanda,34.01,9.73,22.4,27.3,28.47,21.13,2019 (mid)
Paraguay,33.32,9.81,22.08,26.88,27.5,35.23,2019 (mid)
Belarus,33.02,10.32,22.17,27.78,34.27,42.92,2019 (mid)
Sri Lanka,32.95,6.83,20.46,36.36,19.27,25.59,2019 (mid)
Armenia,32.7,10.56,22.11,25.45,31.04,30.44,2019 (mid)
Moldova,32.63,7.9,20.81,25.64,27.22,29.48,2019 (mid)
Bangladesh,32.62,5.18,19.5,29.79,19.8,37.21,2019 (mid)
North Macedonia,32.27,6.5,19.95,24.98,24.49,40.16,2019 (mid)
Nigeria,31.75,21.59,26.89,31.48,20.66,15.91,2019 (mid)
Uganda,31.72,10.02,21.35,26.43,24.2,22.49,2019 (mid)
Ukraine,30.94,10.33,21.09,24.09,23.98,33.14,2019 (mid)
Nepal,30.69,4.96,18.39,26.47,20.27,24.15,2019 (mid)
Algeria,30.54,5.51,18.58,31.31,16.46,31.97,2019 (mid)
Colombia,30.25,9.43,20.3,24.39,22.33,34.55,2019 (mid)
Kazakhstan,30.06,9.51,20.24,23.55,29.88,38.65,2019 (mid)
Azerbaijan,29.81,9.17,19.94,23.34,31.4,28.48,2019 (mid)
Egypt,29.09,5.28,17.7,25.08,24.24,23.27,2019 (mid)
Kyrgyzstan,28.13,8.96,18.97,25.53,22.3,25.28,2019 (mid)
Georgia,27.78,9.3,18.94,22.01,25.97,30.23,2019 (mid)
Kosovo (Disputed Territory),27.38,8.72,18.46,24.61,21.11,54.11,2019 (mid)
Venezuela,27.22,6.85,17.48,29.59,22.31,2.79,2019 (mid)
Uzbekistan,25.79,7.82,17.2,22.02,19.34,25.8,2019 (mid)
Tunisia,25.43,5.18,15.75,23.45,14.05,37.63,2019 (mid)
Syria,25.31,5.44,15.81,22.82,20.77,12.37,2019 (mid)
India,25.14,5.99,15.98,25.16,17.51,61.73,2019 (mid)
Afghanistan,24.51,4.29,14.85,18.83,17.12,28.87,2019 (mid)
Pakistan,18.58,4.02,11.62,16.5,13.78,36.1,2019 (mid)
Switzerland,121.16,50.25,87.11,120.81,123.09,129.7,2019
Iceland,101.86,48.28,76.13,92.1,111.85,91.8,2019
Norway,100.99,37.28,70.4,92.67,111.53,103.61,2019
Bahamas,92.4,33.49,64.11,76.97,99.92,57.01,2019
Luxembourg,86.09,55.64,71.47,75.1,96.08,106.26,2019
Japan,83.33,27.97,56.75,83.58,48.75,103.12,2019
Denmark,81.38,32.91,58.11,63.62,95.14,114.39,2019
Hong Kong,78.14,76.83,77.51,80.3,56.08,69.34,2019
South Korea,76.93,22.23,50.66,89.7,44.84,103.4,2019
Ireland,75.35,41.8,59.24,59.1,82.65,95.09,2019
France,74.85,26.25,51.51,68.31,75.37,91.55,2019
Netherlands,74.83,34.74,55.58,58.8,83.49,102.54,2019
Israel,74.28,29.42,52.74,61.92,80.83,92.48,2019
Belgium,72.97,25.81,50.32,60.86,83.4,95.09,2019
Finland,72.82,26.14,50.4,60.02,77.91,112.3,2019
New Zealand,72.62,31.64,52.94,65.71,68.78,101.09,2019
Australia,72.08,35.5,54.52,66.9,70.69,122.85,2019
Austria,71.79,27.63,50.58,65.63,70.08,96.7,2019
Sweden,71.55,26.05,49.7,63.45,75.04,111.38,2019
United States,69.91,38.98,55.06,67.44,69.33,122.03,2019
Singapore,69.79,53.1,61.77,57.48,46.75,103.77,2019
Italy,69.25,21.68,46.4,58.34,75.72,77.49,2019
Germany,67.62,26.85,48.04,54.27,63.56,116.2,2019
United Kingdom,65.28,28.6,47.66,51.85,72.37,105.73,2019
Canada,65.01,28.32,47.39,62.37,61.81,109.44,2019
Puerto Rico,63.84,17.96,41.81,61.66,54.82,98.39,2019
Malta,63.32,28.68,46.69,51.23,67.28,59.67,2019
Taiwan,59.84,23.37,42.33,69.61,26.88,56.36,2019
Qatar,59.09,46.56,53.07,47.72,61.95,138.29,2019
Jamaica,58.8,14.74,37.64,58.84,42.26,34.69,2019
Lebanon,58.06,26.92,43.11,43.28,56.79,53.97,2019
Uruguay,57.31,16.21,37.57,45.11,56.28,47.77,2019
Bahrain,56.71,29.56,43.67,51.16,52.21,74.61,2019
Greece,56.66,10.8,34.64,43.69,54.76,49.57,2019
United Arab Emirates,56.16,40.98,48.87,43.16,53.88,119.6,2019
Cyprus,55.57,20.23,38.6,44.32,59.76,75.29,2019
Jordan,54.98,11.87,34.28,44.43,52.28,41.73,2019
Spain,54.7,20.73,38.39,44.02,54.13,83.8,2019
Slovenia,52.51,15.36,34.67,43.27,43.83,75.38,2019
Mauritius,52.44,11.53,32.8,47.89,39.14,39.77,2019
Myanmar,52.38,24.72,39.09,54.76,20.24,13.98,2019
Trinidad And Tobago,52.07,17.13,35.29,50,46,56.97,2019
Zimbabwe,51.57,11.67,32.41,45.74,36.81,27.65,2019
Kuwait,51.48,32.94,42.58,39.88,47.35,102.01,2019
Panama,51.45,24.63,38.57,48.21,47.06,41.34,2019
Ghana,51.13,31.57,41.74,44.76,31.74,18.7,2019
Estonia,51.01,15.38,33.9,37.06,51.24,75.97,2019
Fiji,50.93,22.7,37.38,57.63,36.46,35.44,2019
Costa Rica,50.89,15.48,33.89,47.91,42.58,47.13,2019
Portugal,50.39,21.07,36.31,40.2,43.13,55.19,2019
Palestine,50.2,9,30.41,43.9,37.33,57.17,2019
Belize,49.45,8.81,29.93,42.86,36.66,70.85,2019
Latvia,49.23,12.02,31.36,36.65,45.47,55.16,2019
Croatia,49.18,11.6,31.13,40.33,40.36,60.33,2019
Chile,47.73,15.22,32.12,40.55,45.15,54.13,2019
Saudi Arabia,47.61,11.4,30.22,39.06,30.93,118.59,2019
Thailand,47.54,17.71,33.21,50,24.63,40.86,2019
Cambodia,46.8,14.44,31.26,44.15,24.44,12.46,2019
Oman,46.2,19.89,33.57,40.02,44.41,88.47,2019
El Salvador,46.11,14.19,30.78,45.57,35.55,30.09,2019
Lithuania,45.91,12.9,30.06,35.36,43.95,60.34,2019
Nicaragua,45.83,9.54,28.4,46.36,31.14,24.52,2019
Czech Republic,45.12,18.27,32.23,38.08,33.25,71.32,2019
Slovakia,44.98,16.13,31.13,38.5,33.64,63.24,2019
Dominican Republic,44.92,10.21,28.25,35.68,42.43,26.02,2019
Namibia,43.22,17.46,30.85,39.92,38.59,63.6,2019
Brazil,42.8,11.46,27.75,31.3,34.85,37.43,2019
South Africa,42.49,16.5,30.01,33.88,40.79,82.97,2019
Honduras,42.1,10.76,27.05,33.57,31.52,35.22,2019
Hungary,42.03,13.64,28.4,32.36,33.43,54.66,2019
Ecuador,41.98,11.61,27.4,37.87,29.43,40.84,2019
Guatemala,41.74,13.93,28.39,38.02,32.28,41.79,2019
Cuba,40.5,8.11,24.95,34.3,28.29,2.47,2019
Iraq,39.62,11.46,26.1,34.1,31.85,47.61,2019
Montenegro,39.61,9.95,25.37,30.75,34.25,46.28,2019
Malaysia,39.38,10.92,25.71,39.7,22.75,73.14,2019
China,39.24,17.36,28.73,39.93,28.18,68.95,2019
Poland,39.13,14.92,27.5,30.66,32.72,70,2019
Kenya,38.21,10.05,24.69,33.23,31.22,32.46,2019
Vietnam,37.7,13.1,25.88,37.87,18.89,33.33,2019
Bulgaria,37.17,9.15,23.72,31.15,29.86,52.18,2019
Peru,37.17,11.96,25.06,32.69,23.68,37.47,2019
Romania,36.45,10,23.75,29.88,32.26,61.16,2019
Indonesia,36.24,8.43,22.88,38.14,18.02,32.95,2019
Albania,36.17,8.21,22.74,28.59,29.34,33.81,2019
Iran,35.8,16.92,26.73,32.63,26.88,37.74,2019
Bosnia And Herzegovina,35.72,6.32,21.6,28.81,23.78,49.18,2019
Russia,35.52,12.68,24.55,29.18,37,45.38,2019
Serbia,35.39,8.08,22.27,26.3,27.84,39.9,2019
Turkey,35.21,7.23,21.78,30.45,23.65,45.33,2019
Philippines,35.09,8.09,22.12,32.61,19.67,29.46,2019
Tanzania,34.74,16.03,25.76,28.59,25.15,22.71,2019
Bolivia,34.37,10.88,23.09,26.9,27.96,44.05,2019
Morocco,33.98,9.48,22.21,29.85,23.85,41.4,2019
Belarus,33.12,9.96,22,27.77,35.98,44.64,2019
Argentina,33.09,9.48,21.75,26.25,32.5,55,2019
Mexico,32.71,10.06,21.83,30.3,30.23,49.98,2019
Armenia,32.51,9.9,21.65,25.77,32.53,33.06,2019
Paraguay,32.27,9.38,21.28,26.03,25.75,35.57,2019
Moldova,32.26,7.97,20.6,24.97,27.71,30.75,2019
Bangladesh,31.83,5.44,19.16,29.52,18.97,39.82,2019
North Macedonia,31.58,6.47,19.52,24.85,23.67,39.83,2019
Nigeria,31.25,28.97,30.15,31.76,19.2,15.13,2019
Algeria,30.56,5.51,18.53,32,16.38,32.93,2019
Uganda,30.25,8.51,19.81,26.09,21.9,22.72,2019
Sri Lanka,30.24,7.57,19.36,33.57,17.36,27.34,2019
Colombia,30.15,9.17,20.07,24.33,22.46,34.66,2019
Kazakhstan,29.83,9.78,20.2,23.75,29.83,38.83,2019
Nepal,29.63,4.6,17.61,25.4,19.74,26.28,2019
Azerbaijan,29.12,8.72,19.32,24.08,30.67,32.01,2019
Georgia,28.78,8.53,19.05,23.39,27.09,33.19,2019
Ukraine,27.94,9.53,19.1,22.47,22.14,32.72,2019
Uzbekistan,27.11,8.27,18.06,23.9,21.14,25.09,2019
Egypt,26.46,5.01,16.16,23.19,22.26,23.67,2019
Kosovo (Disputed Territory),26.18,8.05,17.48,23.21,19.57,61.82,2019
Venezuela,25.73,5.89,16.2,27.58,21.98,3.71,2019
India,24.17,5.84,15.37,24.2,17.15,66.91,2019
Tunisia,23.69,4.96,14.69,22.27,13.33,37.99,2019
Pakistan,20.4,4.5,12.76,18.25,15.42,38.61,2019
